time_cest,probe,http,error,indexer_lag_s_or_coinbase_lag_s,db_isSynced,stall_or_mined_stall,health_ok_within_3min
Thu 01 Oct 20:17,/info/health,,TimeoutError('The read operation timed o,,,,
Thu 01 Oct 21:29,/info/health,503,,8.45199990272522,True,False,
Thu 01 Oct 21:31,/info/health,503,,5.24399995803833,True,False,
Thu 01 Oct 22:29,/info/health,200,,163,True,True,
Thu 01 Oct 22:31,/info/health,200,,204,True,True,
Thu 01 Oct 22:33,/info/health,200,,137,True,True,
Thu 01 Oct 22:35,/info/health,200,,257,True,True,
Thu 01 Oct 22:39,/info/health,200,,193,True,True,
Thu 01 Oct 22:41,/info/health,200,,153,True,True,
Thu 01 Oct 22:43,/info/health,200,,273,True,True,
Thu 01 Oct 22:45,/info/health,503,,310.9670000076294,False,True,
Thu 01 Oct 22:47,/info/health,200,,226,True,True,
Thu 01 Oct 22:49,/info/health,200,,218,True,True,
Thu 01 Oct 22:51,/info/health,200,,187,True,True,
Thu 01 Oct 22:53,/info/health,503,,307.90899991989136,False,True,
Thu 01 Oct 22:55,/info/health,200,,261,True,True,
Thu 01 Oct 22:56,qzffl5 full-transactions-page,200,,306.0,,True,True
Thu 01 Oct 22:59,/info/health,503,,175.69000005722046,True,False,
Thu 01 Oct 23:01,/info/health,200,,295,True,True,
Thu 01 Oct 23:03,/info/health,503,,415.69000005722046,False,True,
Thu 01 Oct 23:05,/info/health,503,,369.8159999847412,False,True,
Thu 01 Oct 23:06,qzffl5 full-transactions-page,200,,413.6,,True,False
Thu 01 Oct 23:07,/info/health,503,,489.8159999847412,False,True,
Thu 01 Oct 23:09,/info/health,503,,364.73600006103516,False,True,
Thu 01 Oct 23:11,qzffl5 full-transactions-page,200,,468.0,,True,False
Thu 01 Oct 23:11,/info/health,503,,484.73600006103516,False,True,
Thu 01 Oct 23:13,/info/health,503,,604.7360000610352,False,True,
Thu 01 Oct 23:15,/info/health,503,,609.1679999828339,False,True,
Thu 01 Oct 23:16,qzffl5 full-transactions-page,200,,651.5,,True,False
Thu 01 Oct 23:17,/info/health,503,,584.4010000228882,False,True,
Thu 01 Oct 23:19,/info/health,503,,704.4010000228882,False,True,
Thu 01 Oct 23:21,qzffl5 full-transactions-page,200,,553.4,,True,False
Thu 01 Oct 23:21,/info/health,503,,570.6960000991821,False,True,
Thu 01 Oct 23:23,/info/health,503,,690.6960000991821,False,True,
Thu 01 Oct 23:25,/info/health,503,,562.470999956131,False,True,
Thu 01 Oct 23:26,qzffl5 full-transactions-page,,TimeoutError('The read operation timed o,,,True,False
Thu 01 Oct 23:27,/info/health,503,,473.7590000629425,False,True,
Thu 01 Oct 23:29,/info/health,503,,354.1400001049042,False,True,
Thu 01 Oct 23:31,qzffl5 full-transactions-page,200,,458.0,,True,True
Thu 01 Oct 23:31,/info/health,200,,273,True,True,
Thu 01 Oct 23:35,/info/health,200,,137,True,True,
Thu 01 Oct 23:37,/info/health,200,,143,True,True,
Thu 01 Oct 23:41,/info/health,200,,175,True,True,
Thu 01 Oct 23:43,/info/health,200,,246,True,True,
Thu 01 Oct 23:45,/info/health,200,,166,True,True,
Thu 01 Oct 23:47,/info/health,200,,180,True,True,
Thu 01 Oct 23:49,/info/health,200,,179,True,True,
Thu 01 Oct 23:51,/info/health,200,,299,True,True,
Thu 01 Oct 23:53,/info/health,503,,312.239000082016,False,True,
Thu 01 Oct 23:55,/info/health,200,,170,True,True,
Thu 01 Oct 23:57,/info/health,200,,290,True,True,
Thu 01 Oct 23:59,/info/health,200,,286,True,True,
Fri 02 Oct 00:01,qzffl5 full-transactions-page,200,,388.9,,True,False
Fri 02 Oct 00:01,/info/health,503,,406.50999999046326,False,True,
Fri 02 Oct 00:03,/info/health,503,,526.5099999904633,False,True,
Fri 02 Oct 00:05,/info/health,503,,387.35700011253357,False,True,
Fri 02 Oct 00:06,qzffl5 full-transactions-page,200,,430.8,,True,False
Fri 02 Oct 00:07,/info/health,503,,507.35700011253357,False,True,
Fri 02 Oct 00:09,/info/health,503,,375.6630001068115,False,True,
Fri 02 Oct 01:18,/info/health,,TimeoutError('The read operation timed o,,,,
Fri 02 Oct 01:22,/info/health,503,,37.901999950408936,True,False,
Fri 02 Oct 01:24,/info/health,503,,48.6710000038147,True,False,
Fri 02 Oct 01:28,/info/health,200,,162,True,True,
Fri 02 Oct 01:30,/info/health,200,,163,True,True,
Fri 02 Oct 02:54,/info/health,,TimeoutError('The read operation timed o,,,,
Fri 02 Oct 03:00,/info/health,,TimeoutError('The read operation timed o,,,,
Fri 02 Oct 03:10,/info/health,,TimeoutError('The read operation timed o,,,,
Fri 02 Oct 03:42,/info/health,,TimeoutError('The read operation timed o,,,,
Fri 02 Oct 03:46,/info/health,,TimeoutError('The read operation timed o,,,,
Fri 02 Oct 04:00,/info/health,,TimeoutError('The read operation timed o,,,,
Fri 02 Oct 04:04,/info/health,,TimeoutError('The read operation timed o,,,,
Fri 02 Oct 04:08,/info/health,,TimeoutError('The read operation timed o,,,,
Fri 02 Oct 04:12,/info/health,,TimeoutError('The read operation timed o,,,,
Fri 02 Oct 04:24,/info/health,,TimeoutError('The read operation timed o,,,,
Fri 02 Oct 04:42,/info/health,,TimeoutError('The read operation timed o,,,,
Fri 02 Oct 05:44,/info/health,,TimeoutError('The read operation timed o,,,,
Fri 02 Oct 06:16,/info/health,,TimeoutError('The read operation timed o,,,,
Fri 02 Oct 06:20,/info/health,,TimeoutError('The read operation timed o,,,,
Fri 02 Oct 07:00,/info/health,,TimeoutError('The read operation timed o,,,,
Fri 02 Oct 07:30,/info/health,,TimeoutError('The read operation timed o,,,,
Fri 02 Oct 07:32,/info/health,,TimeoutError('The read operation timed o,,,,
Fri 02 Oct 07:36,/info/health,,TimeoutError('The read operation timed o,,,,
Fri 02 Oct 07:44,/info/health,,TimeoutError('The read operation timed o,,,,
Fri 02 Oct 07:46,/info/health,503,,1.378000020980835,True,False,
Fri 02 Oct 08:38,/info/health,,TimeoutError('The read operation timed o,,,,
Fri 02 Oct 09:27,/info/health,,TimeoutError('The read operation timed o,,,,
Fri 02 Oct 09:31,/info/health,,TimeoutError('The read operation timed o,,,,
Fri 02 Oct 09:39,/info/health,,TimeoutError('The read operation timed o,,,,
Fri 02 Oct 09:41,/info/health,,TimeoutError('The read operation timed o,,,,
Fri 02 Oct 09:43,/info/health,,TimeoutError('The read operation timed o,,,,
Fri 02 Oct 09:45,/info/health,,TimeoutError('The read operation timed o,,,,
Fri 02 Oct 09:47,/info/health,,TimeoutError('The read operation timed o,,,,
Fri 02 Oct 09:51,/info/health,,TimeoutError('The read operation timed o,,,,
Fri 02 Oct 09:55,/info/health,200,,166,True,True,
Fri 02 Oct 09:57,/info/health,200,,138,True,True,
Fri 02 Oct 12:25,/info/health,503,,21.877000093460083,False,False,
Fri 02 Oct 12:31,/info/health,503,,158.8420000076294,False,False,
Fri 02 Oct 12:33,/info/health,200,,169,True,True,
Fri 02 Oct 12:35,/info/health,200,,158,True,True,
Fri 02 Oct 12:43,/info/health,200,,132,True,True,
Fri 02 Oct 12:47,/info/health,200,,170,True,True,
Fri 02 Oct 13:21,/info/health,,TimeoutError('The read operation timed o,,,,
Fri 02 Oct 13:25,/info/health,,TimeoutError('The read operation timed o,,,,
Fri 02 Oct 14:39,/info/health,,TimeoutError('The read operation timed o,,,,
Fri 02 Oct 14:51,/info/health,,TimeoutError('The read operation timed o,,,,
Fri 02 Oct 15:23,/info/health,,TimeoutError('The read operation timed o,,,,
Fri 02 Oct 15:28,qzffl5 full-transactions-page,200,,301.8,,True,True
Fri 02 Oct 15:59,/info/health,,TimeoutError('The read operation timed o,,,,
Fri 02 Oct 16:05,/info/health,,TimeoutError('The read operation timed o,,,,
Fri 02 Oct 16:08,qzffl5 full-transactions-page,,TimeoutError('The read operation timed o,,,True,True
Fri 02 Oct 16:48,qzffl5 full-transactions-page,,TimeoutError('The read operation timed o,,,True,True
Fri 02 Oct 16:51,/info/health,,TimeoutError('The read operation timed o,,,,
Fri 02 Oct 16:55,/info/health,,TimeoutError('The read operation timed o,,,,
Fri 02 Oct 17:01,/info/health,,TimeoutError('The read operation timed o,,,,
Fri 02 Oct 17:03,/info/health,,TimeoutError('The read operation timed o,,,,
Fri 02 Oct 17:03,qzffl5 full-transactions-page,,TimeoutError('The read operation timed o,,,True,True
Fri 02 Oct 17:31,/info/health,,TimeoutError('The read operation timed o,,,,
Fri 02 Oct 17:39,/info/health,,TimeoutError('The read operation timed o,,,,
Fri 02 Oct 17:43,/info/health,,TimeoutError('The read operation timed o,,,,
Fri 02 Oct 17:45,/info/health,502,,,,False,
Fri 02 Oct 17:48,qzffl5 full-transactions-page,,TimeoutError('The read operation timed o,,,False,True
Fri 02 Oct 17:49,/info/health,502,,,,False,
Fri 02 Oct 18:03,/info/health,,TimeoutError('The read operation timed o,,,,
Fri 02 Oct 18:03,qzffl5 full-transactions-page,,TimeoutError('The read operation timed o,,,False,True
Fri 02 Oct 18:11,/info/health,,TimeoutError('The read operation timed o,,,,
Fri 02 Oct 18:45,/info/health,,TimeoutError('The read operation timed o,,,,
Fri 02 Oct 18:49,/info/health,,TimeoutError('The read operation timed o,,,,
Fri 02 Oct 19:03,qzffl5 full-transactions-page,,TimeoutError('The read operation timed o,,,False,True
Fri 02 Oct 19:05,/info/health,,TimeoutError('The read operation timed o,,,,
Fri 02 Oct 19:35,/info/health,,TimeoutError('The read operation timed o,,,,
Fri 02 Oct 20:45,/info/health,,TimeoutError('The read operation timed o,,,,
Fri 02 Oct 20:55,/info/health,,TimeoutError('The read operation timed o,,,,
Fri 02 Oct 20:58,qzffl5 full-transactions-page,,TimeoutError('The read operation timed o,,,False,True
Fri 02 Oct 20:59,/info/health,,TimeoutError('The read operation timed o,,,,
Fri 02 Oct 22:05,/info/health,200,,150,True,True,
Fri 02 Oct 22:07,/info/health,200,,229,True,True,
Fri 02 Oct 22:09,/info/health,503,,339.19400000572205,False,True,
Fri 02 Oct 22:11,/info/health,503,,308.7939999103546,False,True,
Fri 02 Oct 22:13,/info/health,503,,428.7939999103546,False,True,
Fri 02 Oct 22:15,/info/health,503,,392.8069999217987,False,True,
Fri 02 Oct 22:17,/info/health,503,,512.8069999217987,False,True,
Fri 02 Oct 22:19,/info/health,503,,632.8069999217987,False,True,
Fri 02 Oct 22:21,/info/health,503,,752.8069999217987,False,True,
Fri 02 Oct 22:23,/info/health,503,,830.885999917984,False,True,
Fri 02 Oct 22:25,/info/health,503,,950.885999917984,False,True,
Fri 02 Oct 22:27,/info/health,503,,1070.885999917984,False,True,
Fri 02 Oct 22:29,/info/health,503,,1190.885999917984,False,True,
Fri 02 Oct 22:31,/info/health,503,,1310.885999917984,False,True,
Fri 02 Oct 22:33,/info/health,503,,1430.885999917984,False,True,
Fri 02 Oct 22:35,/info/health,503,,1550.885999917984,False,True,
Fri 02 Oct 22:37,/info/health,503,,1670.885999917984,False,True,
Fri 02 Oct 22:39,/info/health,503,,1790.885999917984,False,True,
Fri 02 Oct 22:41,/info/health,503,,1910.885999917984,False,True,
Fri 02 Oct 22:43,/info/health,503,,2030.885999917984,False,True,
Fri 02 Oct 22:45,/info/health,503,,2150.885999917984,False,True,
Fri 02 Oct 22:47,/info/health,503,,2270.885999917984,False,True,
Fri 02 Oct 22:49,/info/health,503,,2390.885999917984,False,True,
Fri 02 Oct 22:51,/info/health,503,,2510.885999917984,False,True,
Fri 02 Oct 22:53,/info/health,503,,2630.885999917984,False,True,
Fri 02 Oct 22:55,/info/health,503,,2750.885999917984,False,True,
Fri 02 Oct 22:57,/info/health,503,,2870.885999917984,False,True,
Fri 02 Oct 22:59,/info/health,503,,2990.885999917984,False,True,
Fri 02 Oct 23:01,/info/health,503,,3110.885999917984,False,True,
Fri 02 Oct 23:03,/info/health,503,,3230.885999917984,False,True,
Fri 02 Oct 23:05,/info/health,503,,3350.885999917984,False,True,
Fri 02 Oct 23:07,/info/health,503,,3470.885999917984,False,True,
Fri 02 Oct 23:09,/info/health,503,,3590.885999917984,False,True,
Fri 02 Oct 23:11,/info/health,503,,3710.885999917984,False,True,
Fri 02 Oct 23:13,/info/health,503,,3830.885999917984,False,True,
Fri 02 Oct 23:15,/info/health,503,,3950.885999917984,False,True,
Fri 02 Oct 23:17,/info/health,503,,4070.885999917984,False,True,
Fri 02 Oct 23:19,/info/health,503,,4190.885999917984,False,True,
Fri 02 Oct 23:21,/info/health,503,,4310.885999917984,False,False,
Fri 02 Oct 23:23,/info/health,503,,4099.2880001068115,False,True,
Fri 02 Oct 23:25,/info/health,503,,4219.2880001068115,False,True,
Fri 02 Oct 23:27,/info/health,503,,4019.927999973297,False,True,
Sat 03 Oct 00:21,/info/health,,TimeoutError('The read operation timed o,,,,
Sat 03 Oct 01:19,/info/health,,TimeoutError('The read operation timed o,,,,
Sat 03 Oct 01:31,/info/health,,TimeoutError('The read operation timed o,,,,
Sat 03 Oct 01:37,/info/health,,TimeoutError('The read operation timed o,,,,
Sat 03 Oct 01:58,qzffl5 full-transactions-page,,TimeoutError('The read operation timed o,,,False,True
Sat 03 Oct 02:07,/info/health,,TimeoutError('The read operation timed o,,,,
Sat 03 Oct 02:08,qzffl5 full-transactions-page,,TimeoutError('The read operation timed o,,,False,True
Sat 03 Oct 02:09,/info/health,,TimeoutError('The read operation timed o,,,,
Sat 03 Oct 02:21,/info/health,,TimeoutError('The read operation timed o,,,,
Sat 03 Oct 02:25,/info/health,,TimeoutError('The read operation timed o,,,,
Sat 03 Oct 02:29,/info/health,,TimeoutError('The read operation timed o,,,,
Sat 03 Oct 02:31,/info/health,,TimeoutError('The read operation timed o,,,,
Sat 03 Oct 02:51,/info/health,502,,,,False,
Sat 03 Oct 02:55,/info/health,,TimeoutError('The read operation timed o,,,,
Sat 03 Oct 02:59,/info/health,,TimeoutError('The read operation timed o,,,,
Sat 03 Oct 03:18,qzffl5 full-transactions-page,,TimeoutError('The read operation timed o,,,False,True
Sat 03 Oct 03:23,/info/health,,TimeoutError('The read operation timed o,,,,
Sat 03 Oct 03:23,qzffl5 full-transactions-page,,TimeoutError('The read operation timed o,,,False,True
Sat 03 Oct 03:33,/info/health,,TimeoutError('The read operation timed o,,,,
Sat 03 Oct 03:37,/info/health,,TimeoutError('The read operation timed o,,,,
Sat 03 Oct 03:41,/info/health,,TimeoutError('The read operation timed o,,,,
Sat 03 Oct 03:43,/info/health,,TimeoutError('The read operation timed o,,,,
Sat 03 Oct 03:48,qzffl5 full-transactions-page,,TimeoutError('The read operation timed o,,,False,True
Sat 03 Oct 03:58,qzffl5 full-transactions-page,,TimeoutError('The read operation timed o,,,False,True
Sat 03 Oct 03:59,/info/health,503,,2.1659998893737793,False,False,
Sat 03 Oct 04:03,/info/health,,TimeoutError('The read operation timed o,,,,
Sat 03 Oct 04:03,qzffl5 full-transactions-page,,TimeoutError('The read operation timed o,,,False,True
Sat 03 Oct 04:13,/info/health,,TimeoutError('The read operation timed o,,,,
Sat 03 Oct 04:13,qzffl5 full-transactions-page,,TimeoutError('The read operation timed o,,,False,True
Sat 03 Oct 04:23,/info/health,,TimeoutError('The read operation timed o,,,,
Sat 03 Oct 04:23,qzffl5 full-transactions-page,,TimeoutError('The read operation timed o,,,False,True
Sat 03 Oct 04:28,qzffl5 full-transactions-page,,TimeoutError('The read operation timed o,,,False,True
Sat 03 Oct 04:45,/info/health,,TimeoutError('The read operation timed o,,,,
Sat 03 Oct 05:01,/info/health,,TimeoutError('The read operation timed o,,,,
Sat 03 Oct 05:21,/info/health,,TimeoutError('The read operation timed o,,,,
Sat 03 Oct 05:23,/info/health,,TimeoutError('The read operation timed o,,,,
Sat 03 Oct 05:35,/info/health,,TimeoutError('The read operation timed o,,,,
Sat 03 Oct 05:37,/info/health,,TimeoutError('The read operation timed o,,,,
Sat 03 Oct 05:47,/info/health,,TimeoutError('The read operation timed o,,,,
Sat 03 Oct 05:55,/info/health,,TimeoutError('The read operation timed o,,,,
Sat 03 Oct 06:17,/info/health,,TimeoutError('The read operation timed o,,,,
Sat 03 Oct 06:25,/info/health,,TimeoutError('The read operation timed o,,,,
Sat 03 Oct 06:28,qzffl5 full-transactions-page,,TimeoutError('The read operation timed o,,,False,True
Sat 03 Oct 06:47,/info/health,,TimeoutError('The read operation timed o,,,,
Sat 03 Oct 06:48,qzffl5 full-transactions-page,,TimeoutError('The read operation timed o,,,False,True
Sat 03 Oct 06:59,/info/health,,TimeoutError('The read operation timed o,,,,
Sat 03 Oct 07:05,/info/health,,TimeoutError('The read operation timed o,,,,
Sat 03 Oct 08:15,/info/health,,TimeoutError('The read operation timed o,,,,
Sat 03 Oct 11:35,/info/health,502,,,,False,
Sat 03 Oct 11:38,qzffl5 full-transactions-page,,TimeoutError('The read operation timed o,,,False,True
Sat 03 Oct 11:47,/info/health,,TimeoutError('The read operation timed o,,,,
Sat 03 Oct 11:49,/info/health,,TimeoutError('The read operation timed o,,,,
Sat 03 Oct 11:51,/info/health,,TimeoutError('The read operation timed o,,,,
Sat 03 Oct 11:53,/info/health,,TimeoutError('The read operation timed o,,,,
Sat 03 Oct 11:53,qzffl5 full-transactions-page,,TimeoutError('The read operation timed o,,,False,True
Sat 03 Oct 15:11,/info/health,,TimeoutError('The read operation timed o,,,,
