bin_start_cest,box_included_tps
Thu 01 Oct 20:15:00,36.1
Thu 01 Oct 20:20:00,0.0
Thu 01 Oct 20:25:00,0.0
Thu 01 Oct 20:30:00,0.0
Thu 01 Oct 20:35:00,160.3
Thu 01 Oct 20:40:00,375.9
Thu 01 Oct 20:45:00,721.9
Thu 01 Oct 20:50:00,945.1
Thu 01 Oct 20:55:00,922.3
Thu 01 Oct 21:00:00,1387.9
Thu 01 Oct 21:05:00,1435.6
Thu 01 Oct 21:10:00,1482.5
Thu 01 Oct 21:15:00,1559.8
Thu 01 Oct 21:20:00,1562.8
Thu 01 Oct 21:25:00,1354.9
Thu 01 Oct 21:30:00,1444.7
Thu 01 Oct 21:35:00,1458.0
Thu 01 Oct 21:40:00,1541.4
Thu 01 Oct 21:45:00,1709.2
Thu 01 Oct 21:50:00,1772.3
Thu 01 Oct 21:55:00,1510.8
Thu 01 Oct 22:00:00,1687.1
Thu 01 Oct 22:05:00,1569.0
Thu 01 Oct 22:10:00,1649.8
Thu 01 Oct 22:15:00,1755.1
Thu 01 Oct 22:20:00,2446.3
Thu 01 Oct 22:25:00,2211.0
Thu 01 Oct 22:30:00,339.2
Thu 01 Oct 22:35:00,1829.9
Thu 01 Oct 22:40:00,2751.8
Thu 01 Oct 22:45:00,2606.6
Thu 01 Oct 22:50:00,1818.9
Thu 01 Oct 22:55:00,1832.5
Thu 01 Oct 23:00:00,2230.7
Thu 01 Oct 23:05:00,2129.4
Thu 01 Oct 23:10:00,1344.6
Thu 01 Oct 23:15:00,0.0
Thu 01 Oct 23:20:00,0.0
Thu 01 Oct 23:25:00,0.0
Thu 01 Oct 23:30:00,1588.4
Thu 01 Oct 23:35:00,1756.5
Thu 01 Oct 23:40:00,2157.6
Thu 01 Oct 23:45:00,2487.5
Thu 01 Oct 23:50:00,2849.6
Thu 01 Oct 23:55:00,2268.9
Fri 02 Oct 00:00:00,2227.0
Fri 02 Oct 00:05:00,2340.1
Fri 02 Oct 00:10:00,379.2
Fri 02 Oct 00:15:00,0.0
Fri 02 Oct 00:20:00,0.0
Fri 02 Oct 00:25:00,0.0
Fri 02 Oct 00:30:00,0.0
Fri 02 Oct 00:35:00,0.0
Fri 02 Oct 00:40:00,0.0
Fri 02 Oct 00:45:00,0.0
Fri 02 Oct 00:50:00,0.0
Fri 02 Oct 00:55:00,0.0
Fri 02 Oct 01:00:00,0.0
Fri 02 Oct 01:05:00,3.0
Fri 02 Oct 01:10:00,1598.0
Fri 02 Oct 01:15:00,3454.8
Fri 02 Oct 01:20:00,3677.1
Fri 02 Oct 01:25:00,2281.0
Fri 02 Oct 01:30:00,525.0
Fri 02 Oct 01:35:00,37.7
Fri 02 Oct 01:40:00,245.1
Fri 02 Oct 01:45:00,251.5
Fri 02 Oct 01:50:00,184.9
Fri 02 Oct 01:55:00,201.4
Fri 02 Oct 02:00:00,296.2
Fri 02 Oct 02:05:00,179.1
Fri 02 Oct 02:10:00,153.4
Fri 02 Oct 02:15:00,388.1
Fri 02 Oct 02:20:00,179.0
Fri 02 Oct 02:25:00,345.7
Fri 02 Oct 02:30:00,296.9
Fri 02 Oct 02:35:00,289.5
Fri 02 Oct 02:40:00,288.2
Fri 02 Oct 02:45:00,288.3
Fri 02 Oct 02:50:00,316.4
Fri 02 Oct 02:55:00,313.2
Fri 02 Oct 03:00:00,284.1
Fri 02 Oct 03:05:00,283.6
Fri 02 Oct 03:10:00,286.4
Fri 02 Oct 03:15:00,289.7
Fri 02 Oct 03:20:00,295.6
Fri 02 Oct 03:25:00,297.3
Fri 02 Oct 03:30:00,306.1
Fri 02 Oct 03:35:00,340.5
Fri 02 Oct 03:40:00,298.7
Fri 02 Oct 03:45:00,295.1
Fri 02 Oct 03:50:00,295.5
Fri 02 Oct 03:55:00,293.8
Fri 02 Oct 04:00:00,295.3
Fri 02 Oct 04:05:00,293.6
Fri 02 Oct 04:10:00,296.2
Fri 02 Oct 04:15:00,327.7
Fri 02 Oct 04:20:00,316.4
Fri 02 Oct 04:25:00,295.4
Fri 02 Oct 04:30:00,290.8
Fri 02 Oct 04:35:00,293.0
Fri 02 Oct 04:40:00,296.5
Fri 02 Oct 04:45:00,294.5
Fri 02 Oct 04:50:00,293.2
Fri 02 Oct 04:55:00,311.0
Fri 02 Oct 05:00:00,333.2
Fri 02 Oct 05:05:00,298.8
Fri 02 Oct 05:10:00,300.3
Fri 02 Oct 05:15:00,293.6
Fri 02 Oct 05:20:00,290.5
Fri 02 Oct 05:25:00,293.9
Fri 02 Oct 05:30:00,291.4
Fri 02 Oct 05:35:00,297.0
Fri 02 Oct 05:40:00,339.8
Fri 02 Oct 05:45:00,311.1
Fri 02 Oct 05:50:00,293.9
Fri 02 Oct 05:55:00,298.6
Fri 02 Oct 06:00:00,291.9
Fri 02 Oct 06:05:00,298.7
Fri 02 Oct 06:10:00,294.6
Fri 02 Oct 06:15:00,296.7
Fri 02 Oct 06:20:00,314.8
Fri 02 Oct 06:25:00,327.1
Fri 02 Oct 06:30:00,298.6
Fri 02 Oct 06:35:00,1530.1
Fri 02 Oct 06:40:00,817.4
Fri 02 Oct 06:45:00,759.1
Fri 02 Oct 06:50:00,88.7
Fri 02 Oct 06:55:00,37.4
Fri 02 Oct 07:00:00,22.6
Fri 02 Oct 07:05:00,13.9
Fri 02 Oct 07:10:00,7.6
Fri 02 Oct 07:15:00,4.0
Fri 02 Oct 07:20:00,1.8
Fri 02 Oct 07:25:00,0.8
Fri 02 Oct 07:30:00,0.3
Fri 02 Oct 07:35:00,0.2
Fri 02 Oct 07:40:00,0.1
Fri 02 Oct 07:45:00,0.1
Fri 02 Oct 07:50:00,0.0
Fri 02 Oct 07:55:00,0.0
Fri 02 Oct 08:00:00,0.0
Fri 02 Oct 08:05:00,0.0
Fri 02 Oct 08:10:00,0.0
Fri 02 Oct 08:15:00,0.0
Fri 02 Oct 08:20:00,0.0
Fri 02 Oct 08:25:00,0.0
Fri 02 Oct 08:30:00,0.0
Fri 02 Oct 08:35:00,0.0
Fri 02 Oct 08:40:00,0.0
Fri 02 Oct 08:45:00,0.0
Fri 02 Oct 08:50:00,0.0
Fri 02 Oct 08:55:00,0.0
Fri 02 Oct 09:00:00,0.0
Fri 02 Oct 09:05:00,43.6
Fri 02 Oct 09:10:00,1979.3
Fri 02 Oct 09:15:00,2177.1
Fri 02 Oct 09:20:00,2508.4
Fri 02 Oct 09:25:00,2160.7
Fri 02 Oct 09:30:00,2016.1
Fri 02 Oct 09:35:00,1963.1
Fri 02 Oct 09:40:00,2744.1
Fri 02 Oct 09:45:00,2863.4
Fri 02 Oct 09:50:00,2439.4
Fri 02 Oct 09:55:00,1645.4
Fri 02 Oct 10:00:00,176.5
Fri 02 Oct 10:05:00,0.0
Fri 02 Oct 10:10:00,0.0
Fri 02 Oct 10:15:00,0.0
Fri 02 Oct 10:20:00,0.0
Fri 02 Oct 10:25:00,0.0
Fri 02 Oct 10:30:00,0.0
Fri 02 Oct 10:35:00,0.0
Fri 02 Oct 10:40:00,0.0
Fri 02 Oct 10:45:00,0.0
Fri 02 Oct 10:50:00,0.0
Fri 02 Oct 10:55:00,0.0
Fri 02 Oct 11:00:00,0.0
Fri 02 Oct 11:05:00,0.0
Fri 02 Oct 11:10:00,0.0
Fri 02 Oct 11:15:00,0.0
Fri 02 Oct 11:20:00,0.0
Fri 02 Oct 11:25:00,0.0
Fri 02 Oct 11:30:00,0.0
Fri 02 Oct 11:35:00,0.0
Fri 02 Oct 11:40:00,0.0
Fri 02 Oct 11:45:00,0.0
Fri 02 Oct 11:50:00,1130.2
Fri 02 Oct 11:55:00,2388.6
Fri 02 Oct 12:00:00,2271.8
Fri 02 Oct 12:05:00,2316.8
Fri 02 Oct 12:10:00,1053.4
Fri 02 Oct 12:15:00,1218.4
Fri 02 Oct 12:20:00,2069.4
Fri 02 Oct 12:25:00,1989.5
Fri 02 Oct 12:30:00,2120.2
Fri 02 Oct 12:35:00,2136.6
Fri 02 Oct 12:40:00,1798.5
Fri 02 Oct 12:45:00,1980.5
Fri 02 Oct 12:50:00,1997.5
Fri 02 Oct 12:55:00,1712.4
Fri 02 Oct 13:00:00,1109.8
Fri 02 Oct 13:05:00,0.0
Fri 02 Oct 13:10:00,0.0
Fri 02 Oct 13:15:00,0.0
Fri 02 Oct 13:20:00,0.0
Fri 02 Oct 13:25:00,0.0
Fri 02 Oct 13:30:00,0.0
Fri 02 Oct 13:35:00,0.0
Fri 02 Oct 13:40:00,0.0
Fri 02 Oct 13:45:00,0.0
Fri 02 Oct 13:50:00,0.0
Fri 02 Oct 13:55:00,0.0
Fri 02 Oct 14:00:00,0.0
Fri 02 Oct 14:05:00,0.0
Fri 02 Oct 14:10:00,0.0
Fri 02 Oct 14:15:00,0.0
Fri 02 Oct 14:20:00,0.0
Fri 02 Oct 14:25:00,0.0
Fri 02 Oct 14:30:00,0.0
Fri 02 Oct 14:35:00,0.0
Fri 02 Oct 14:40:00,0.0
Fri 02 Oct 14:45:00,0.0
Fri 02 Oct 14:50:00,0.0
Fri 02 Oct 14:55:00,0.0
Fri 02 Oct 15:00:00,0.0
Fri 02 Oct 15:05:00,0.0
Fri 02 Oct 15:10:00,0.0
Fri 02 Oct 15:15:00,0.0
Fri 02 Oct 15:20:00,0.0
Fri 02 Oct 15:25:00,0.0
Fri 02 Oct 15:30:00,0.0
Fri 02 Oct 15:35:00,0.0
Fri 02 Oct 15:40:00,0.0
Fri 02 Oct 15:45:00,0.0
Fri 02 Oct 15:50:00,0.0
Fri 02 Oct 15:55:00,0.0
Fri 02 Oct 16:00:00,0.0
Fri 02 Oct 16:05:00,0.0
Fri 02 Oct 16:10:00,0.0
Fri 02 Oct 16:15:00,0.0
Fri 02 Oct 16:20:00,0.0
Fri 02 Oct 16:25:00,0.0
Fri 02 Oct 16:30:00,0.0
Fri 02 Oct 16:35:00,0.0
Fri 02 Oct 16:40:00,0.0
Fri 02 Oct 16:45:00,0.0
Fri 02 Oct 16:50:00,0.0
Fri 02 Oct 16:55:00,0.0
Fri 02 Oct 17:00:00,0.0
Fri 02 Oct 17:05:00,0.0
Fri 02 Oct 17:10:00,0.0
Fri 02 Oct 17:15:00,0.0
Fri 02 Oct 17:20:00,0.0
Fri 02 Oct 17:25:00,0.0
Fri 02 Oct 17:30:00,0.0
Fri 02 Oct 17:35:00,0.0
Fri 02 Oct 17:40:00,0.0
Fri 02 Oct 17:45:00,0.0
Fri 02 Oct 17:50:00,0.0
Fri 02 Oct 17:55:00,0.0
Fri 02 Oct 18:00:00,0.0
Fri 02 Oct 18:05:00,0.0
Fri 02 Oct 18:10:00,0.0
Fri 02 Oct 18:15:00,0.0
Fri 02 Oct 18:20:00,0.0
Fri 02 Oct 18:25:00,0.0
Fri 02 Oct 18:30:00,0.0
Fri 02 Oct 18:35:00,0.0
Fri 02 Oct 18:40:00,0.0
Fri 02 Oct 18:45:00,0.0
Fri 02 Oct 18:50:00,0.0
Fri 02 Oct 18:55:00,0.0
Fri 02 Oct 19:00:00,0.0
Fri 02 Oct 19:05:00,0.0
Fri 02 Oct 19:10:00,0.0
Fri 02 Oct 19:15:00,0.0
Fri 02 Oct 19:20:00,0.0
Fri 02 Oct 19:25:00,0.0
Fri 02 Oct 19:30:00,0.0
Fri 02 Oct 19:35:00,0.0
Fri 02 Oct 19:40:00,0.0
Fri 02 Oct 19:45:00,0.0
Fri 02 Oct 19:50:00,0.0
Fri 02 Oct 19:55:00,0.0
Fri 02 Oct 20:00:00,0.0
Fri 02 Oct 20:05:00,0.0
Fri 02 Oct 20:10:00,0.0
Fri 02 Oct 20:15:00,0.0
Fri 02 Oct 20:20:00,0.0
Fri 02 Oct 20:25:00,0.0
Fri 02 Oct 20:30:00,0.0
Fri 02 Oct 20:35:00,0.0
Fri 02 Oct 20:40:00,0.0
Fri 02 Oct 20:45:00,0.0
Fri 02 Oct 20:50:00,0.0
Fri 02 Oct 20:55:00,0.0
Fri 02 Oct 21:00:00,0.0
Fri 02 Oct 21:05:00,0.0
Fri 02 Oct 21:10:00,0.0
Fri 02 Oct 21:15:00,0.0
Fri 02 Oct 21:20:00,0.0
Fri 02 Oct 21:25:00,0.0
Fri 02 Oct 21:30:00,0.0
Fri 02 Oct 21:35:00,0.0
Fri 02 Oct 21:40:00,0.0
Fri 02 Oct 21:45:00,0.0
Fri 02 Oct 21:50:00,0.0
Fri 02 Oct 21:55:00,1269.1
Fri 02 Oct 22:00:00,2761.4
Fri 02 Oct 22:05:00,2421.8
Fri 02 Oct 22:10:00,2444.5
Fri 02 Oct 22:15:00,2364.2
Fri 02 Oct 22:20:00,2435.2
Fri 02 Oct 22:25:00,2657.2
Fri 02 Oct 22:30:00,2552.9
Fri 02 Oct 22:35:00,2254.9
Fri 02 Oct 22:40:00,2636.5
Fri 02 Oct 22:45:00,2712.0
Fri 02 Oct 22:50:00,2714.9
Fri 02 Oct 22:55:00,986.2
Fri 02 Oct 23:00:00,1241.1
Fri 02 Oct 23:05:00,2727.9
Fri 02 Oct 23:10:00,2762.4
Fri 02 Oct 23:15:00,3238.0
Fri 02 Oct 23:20:00,2798.6
Fri 02 Oct 23:25:00,2124.8
Fri 02 Oct 23:30:00,1537.2
Fri 02 Oct 23:35:00,87.7
Fri 02 Oct 23:40:00,0.0
Fri 02 Oct 23:45:00,0.0
Fri 02 Oct 23:50:00,0.0
Fri 02 Oct 23:55:00,0.0
Sat 03 Oct 00:00:00,0.0
Sat 03 Oct 00:05:00,0.0
Sat 03 Oct 00:10:00,0.0
Sat 03 Oct 00:15:00,0.0
Sat 03 Oct 00:20:00,0.0
Sat 03 Oct 00:25:00,0.0
Sat 03 Oct 00:30:00,0.0
Sat 03 Oct 00:35:00,0.0
Sat 03 Oct 00:40:00,0.0
Sat 03 Oct 00:45:00,0.0
Sat 03 Oct 00:50:00,0.0
Sat 03 Oct 00:55:00,0.0
Sat 03 Oct 01:00:00,0.0
Sat 03 Oct 01:05:00,0.0
