hour_cest,batches,submitted,accepted_field,rejected
Thu 01 Oct 20:00,163,29404,29402,2
Thu 01 Oct 21:00,490,1510431,1499298,11133
Thu 01 Oct 22:00,170,5259211,4900562,358649
Thu 01 Oct 23:00,100,3624989,3347807,277182
Fri 02 Oct 00:00,54,1305758,1283417,22341
Fri 02 Oct 01:00,48,2555738,2210225,345513
Fri 02 Oct 02:00,158,1710636,1611606,99030
Fri 02 Oct 03:00,336,533384,531042,2342
Fri 02 Oct 04:00,398,120,0,120
Fri 02 Oct 05:00,401,230,1,229
Fri 02 Oct 06:00,401,1759,382,1377
Fri 02 Oct 07:00,399,674,3,671
Fri 02 Oct 08:00,410,220,0,220
Fri 02 Oct 09:00,38,442915,283691,159224
Fri 02 Oct 10:00,20,122204,45776,76428
Fri 02 Oct 11:00,39,259701,0,259701
Fri 02 Oct 12:00,10,58136,0,58136
TOTAL through 2026-10-02T07:40:33.393Z,3565,16972123,15697431,1274692
TOTAL after that timestamp,70,443387,45781,397606
TOTAL whole file,3635,17415510,15743212,1672298
