log_file,t_utc,accepted_tx_s,mempool,workers,alive
run-20261002-153336.log,2026-10-02T13:35:44.068Z,24249,991732,24,24
run-20261002-154029.log,2026-10-02T13:41:40.105Z,23184,906561,24,24
run-20261002-230726.log,2026-10-02T21:09:52.009Z,20660,702013,24,24
run-20261002-123745.log,2026-10-02T10:39:41.678Z,18702,180685,24,24
x10-20261003-004056.log,2026-10-02T22:42:24.489Z,18573,738834,10,10
x10-20261003-003402.log,2026-10-02T22:35:12.917Z,17175,647426,10,10
run-20261002-122706.log,2026-10-02T10:28:15.541Z,15995,361468,24,24
run-20261002-124934.log,2026-10-02T10:50:44.316Z,15836,307177,24,24
x10-20261003-002124.log,2026-10-02T22:22:36.797Z,15467,221786,10,10
run-20261002-121508.log,2026-10-02T10:16:15.094Z,11805,778483,12,12
run-20261002-130033.log,2026-10-02T11:02:57.205Z,10753,997441,24,24
run-20261002-122227.log,2026-10-02T10:24:24.084Z,9929,963832,24,24
run-20261002-121028.log,2026-10-02T10:11:50.771Z,9810,525604,12,12
shard-0-20261002-231424.log,2026-10-02T21:16:34.675Z,8206,508083,5,5
fee3-20261002-233205.log,2026-10-02T21:34:12.635Z,8013,393196,5,5
go2-20261002-232609.log,2026-10-02T21:29:05.860Z,7819,391327,5,5
x10-20261003-010247.log,2026-10-02T23:15:01.925Z,7776,860597,10,10
