hour_start_cest,indexer_regular_txs,indexer_regular_tps,box_included_txs,box_tps,other_senders_tps_(indexer-box)
Thu 01 Oct 18:00,194796,54.1,0,0.0,54.1
Thu 01 Oct 19:00,194094,53.9,0,0.0,53.9
Thu 01 Oct 20:00,1173884,326.1,948480,263.5,62.6
Thu 01 Oct 21:00,6124882,1701.4,5465970,1518.3,183.0
Thu 01 Oct 22:00,9833770,2731.6,6749160,1874.8,856.8
Thu 01 Oct 23:00,8267200,2296.4,5643960,1567.8,728.7
Fri 02 Oct 00:00,2405444,668.2,1483890,412.2,256.0
Fri 02 Oct 01:00,6519837,1811.1,3737850,1038.3,772.8
Fri 02 Oct 02:00,2791276,775.4,1000200,277.8,497.5
Fri 02 Oct 03:00,1269585,352.7,1069920,297.2,55.5
Fri 02 Oct 04:00,1278992,355.3,1081080,300.3,55.0
Fri 02 Oct 05:00,1296834,360.2,1092630,303.5,56.7
Fri 02 Oct 06:00,1816592,504.6,1606530,446.3,58.4
Fri 02 Oct 07:00,220640,61.3,15420,4.3,57.0
Fri 02 Oct 08:00,195047,54.2,0,0.0,54.2
Fri 02 Oct 09:00,7707952,2141.1,6762180,1878.4,262.7
Fri 02 Oct 10:00,551788,153.3,52950,14.7,138.6
Fri 02 Oct 11:00,1665547,462.7,1055640,293.2,169.4
Fri 02 Oct 12:00,8426250,2340.6,6799500,1888.8,451.9
Fri 02 Oct 13:00,1078106,299.5,332940,92.5,207.0
Fri 02 Oct 14:00,289068,80.3,0,0.0,80.3
Fri 02 Oct 15:00,1766873,490.8,0,0.0,490.8
Fri 02 Oct 16:00,578163,160.6,0,0.0,160.6
Fri 02 Oct 17:00,391496,108.7,0,0.0,108.7
Fri 02 Oct 18:00,384050,106.7,0,0.0,106.7
Fri 02 Oct 19:00,365452,101.5,0,0.0,101.5
Fri 02 Oct 20:00,379707,105.5,0,0.0,105.5
Fri 02 Oct 21:00,4152680,1153.5,380730,105.8,1047.8
Fri 02 Oct 22:00,3946819,1096.3,8682510,2411.8,-1315.5
Fri 02 Oct 23:00,1804643,501.3,4955310,1376.5,-875.2
Sat 03 Oct 00:00,4611166,1280.9,0,0.0,1280.9
Sat 03 Oct 01:00,4244703,1179.1,0,0.0,1179.1
Sat 03 Oct 02:00,3256288,904.5,0,0.0,904.5
