leg,file,tag,kind,start_cest,end_cest,submitted,included,rejected,fee_tkas,avg_mass_g,mass_source,has_final_line
,runner1.out,SMX1,SMX,Thu 01 Oct 20:14:47,Thu 01 Oct 20:16:52,12019,12019,0,63.405108,1743.6,fee/(submitted*feerate) median,True
L1,runner1.out,SMX1,SMX,Thu 01 Oct 20:37:51,Thu 01 Oct 22:17:15,3113553,3112905,0,33228.654999,1752.2,fee/(submitted*feerate) median,True
L1,runner2.out,SMX2,SMX,Thu 01 Oct 20:37:51,Thu 01 Oct 22:10:05,2892101,2875744,0,28852.908382,1752.2,fee/(submitted*feerate) median,True
L1,runner3.out,SMX3,SMX,Thu 01 Oct 21:04:06,Thu 01 Oct 21:42:26,752233,712797,0,7671.434388,1749.6,fee/(submitted*feerate) median,True
L1,runner4.out,SMX4,SMX,Thu 01 Oct 21:24:53,Thu 01 Oct 21:33:58,60192,58712,0,629.235935,1747.5,fee/(submitted*feerate) median,True
L1,p2w1.out,P2W1,P2W,Thu 01 Oct 21:42:36,Thu 01 Oct 22:17:44,1140247,1140247,0,5347.589778,645.0,final massH+massF,True
L1,p2w1.out,P2W1,P2W,Thu 01 Oct 22:17:45,Thu 01 Oct 23:13:40,2102035,2096844,0,12266.834217,644.7,final massH+massF,True
L1,p2w1.out,P2W1,P2W,Thu 01 Oct 23:31:05,Fri 02 Oct 00:10:47,1166788,1166788,0,7899.070167,644.8,final massH+massF,True
L1,p2w1.out,P2W1,P2W,Fri 02 Oct 01:09:56,Fri 02 Oct 07:53:00,1420882,1420882,0,22166.049131,646.8,final massH+massF,True
L2,p2w1.out,P2W1,P2W,Fri 02 Oct 09:09:42,Fri 02 Oct 09:24:06,349889,349889,0,690.531496,647.5,final massH+massF,True
L2,p2w1.out,P2W1,P2W,Fri 02 Oct 09:24:08,Fri 02 Oct 09:37:50,304475,304475,0,615.648027,643.0,final massH+massF,True
L2,p2w1.out,P2W1,P2W,Fri 02 Oct 09:37:51,Fri 02 Oct 09:43:01,262056,261750,0,568.602405,643.0,final massH+massF,True
L2,p2w1.out,P2W1,P2W,Fri 02 Oct 09:43:03,Fri 02 Oct 10:14:43,417303,405517,0,990.181799,643.0,rep avg,False
L3,p2w1.out,P2W1,P2W,Fri 02 Oct 11:52:07,Fri 02 Oct 16:50:53,1368004,1363831,0,3329.129234,644.2,final massH+massF,True
L4,p2w1.out,P2W1,P2W,Fri 02 Oct 21:57:12,Sat 03 Oct 01:06:37,2590384,2589834,0,6391.593722,643.9,final massH+massF,True
L1,p2w2.out,P2W2,P2W,Thu 01 Oct 22:10:06,Thu 01 Oct 22:17:35,238885,224660,0,1732.935729,648.5,final massH+massF,True
L1,p2w2.out,P2W2,P2W,Thu 01 Oct 22:17:36,Thu 01 Oct 23:13:40,2106636,2100268,0,12333.168867,644.8,final massH+massF,True
L1,p2w2.out,P2W2,P2W,Thu 01 Oct 23:31:07,Fri 02 Oct 00:10:47,1165161,1165161,0,7718.252739,644.9,final massH+massF,True
L1,p2w2.out,P2W2,P2W,Fri 02 Oct 01:10:19,Fri 02 Oct 07:52:59,1414092,1414092,0,21760.613384,646.4,final massH+massF,True
L2,p2w2.out,P2W2,P2W,Fri 02 Oct 09:10:06,Fri 02 Oct 09:24:24,339301,339301,0,677.559951,646.9,final massH+massF,True
L2,p2w2.out,P2W2,P2W,Fri 02 Oct 09:24:25,Fri 02 Oct 09:41:51,370684,370684,0,766.913957,643.0,final massH+massF,True
L2,p2w2.out,P2W2,P2W,Fri 02 Oct 09:41:52,Fri 02 Oct 10:14:42,467556,465410,0,1085.274304,643.0,rep avg,False
L3,p2w2.out,P2W2,P2W,Fri 02 Oct 11:52:30,Fri 02 Oct 16:50:54,1345052,1321938,0,3296.741311,644.0,final massH+massF,True
L4,p2w2.out,P2W2,P2W,Fri 02 Oct 21:57:36,Sat 03 Oct 01:06:36,2538682,2538271,0,6284.2013,643.9,final massH+massF,True
L1,p2w3.out,P2W3,P2W,Thu 01 Oct 22:17:16,Thu 01 Oct 23:13:40,2122673,2115442,0,12539.263119,645.3,final massH+massF,True
L1,p2w3.out,P2W3,P2W,Thu 01 Oct 23:31:09,Fri 02 Oct 00:10:47,1160057,1160057,0,7866.701245,645.0,final massH+massF,True
L1,p2w3.out,P2W3,P2W,Fri 02 Oct 01:10:42,Fri 02 Oct 07:53:00,1398985,1398985,0,21220.32526,646.3,final massH+massF,True
L2,p2w3.out,P2W3,P2W,Fri 02 Oct 09:10:29,Fri 02 Oct 09:24:41,330631,330631,0,665.916428,647.0,final massH+massF,True
L2,p2w3.out,P2W3,P2W,Fri 02 Oct 09:24:42,Fri 02 Oct 09:42:05,364931,364931,0,760.145662,643.0,final massH+massF,True
L2,p2w3.out,P2W3,P2W,Fri 02 Oct 09:42:06,Fri 02 Oct 10:14:36,452314,450765,0,1064.358504,643.0,rep avg,False
L3,p2w3.out,P2W3,P2W,Fri 02 Oct 11:52:53,Fri 02 Oct 16:50:53,1336861,1325582,0,3279.246322,644.0,final massH+massF,True
L4,p2w3.out,P2W3,P2W,Fri 02 Oct 21:57:59,Sat 03 Oct 01:06:36,2546837,2546530,0,6323.265366,643.8,final massH+massF,True
L1,p2w4.out,P2W4,P2W,Thu 01 Oct 22:59:03,Thu 01 Oct 23:13:39,434703,426579,0,1964.327581,646.0,final massH+massF,True
L1,p2w4.out,P2W4,P2W,Thu 01 Oct 23:37:20,Fri 02 Oct 00:10:46,920882,920882,0,7008.468813,645.1,final massH+massF,True
L1,p2w4.out,P2W4,P2W,Fri 02 Oct 01:11:05,Fri 02 Oct 07:53:00,1378692,1378692,0,20448.985714,646.1,final massH+massF,True
L2,p2w4.out,P2W4,P2W,Fri 02 Oct 09:10:52,Fri 02 Oct 09:24:58,325073,325073,0,656.534003,647.1,final massH+massF,True
L2,p2w4.out,P2W4,P2W,Fri 02 Oct 09:24:59,Fri 02 Oct 09:42:19,359937,359929,0,745.223118,643.0,final massH+massF,True
L2,p2w4.out,P2W4,P2W,Fri 02 Oct 09:42:20,Fri 02 Oct 10:14:41,444025,442454,0,1051.28236,643.0,rep avg,False
L3,p2w4.out,P2W4,P2W,Fri 02 Oct 11:53:17,Fri 02 Oct 16:50:54,1309269,1301257,0,3208.168417,644.0,final massH+massF,True
L4,p2w4.out,P2W4,P2W,Fri 02 Oct 21:58:22,Sat 03 Oct 00:30:02,2496878,2496482,0,6218.337678,643.7,final massH+massF,True
L4,p2w4.out,P2W4,P2W,Sat 03 Oct 00:35:29,Sat 03 Oct 00:35:40,0,0,0,0,,final massH+massF,True
L1,p2w5.out,P2W5,P2W,Thu 01 Oct 23:46:17,Fri 02 Oct 00:10:47,633099,633099,0,4167.184391,646.4,final massH+massF,True
L1,p2w5.out,P2W5,P2W,Fri 02 Oct 01:11:28,Fri 02 Oct 07:53:00,1367227,1367227,0,20068.583654,646.2,final massH+massF,True
L2,p2w5.out,P2W5,P2W,Fri 02 Oct 09:11:15,Fri 02 Oct 09:25:15,320570,320570,0,642.490236,647.1,final massH+massF,True
L2,p2w5.out,P2W5,P2W,Fri 02 Oct 09:25:16,Fri 02 Oct 09:42:33,354943,354903,0,736.604944,643.0,final massH+massF,True
L2,p2w5.out,P2W5,P2W,Fri 02 Oct 09:42:34,Fri 02 Oct 10:14:45,432183,421418,0,1025.151432,643.0,rep avg,False
L3,p2w5.out,P2W5,P2W,Fri 02 Oct 11:53:40,Fri 02 Oct 16:50:54,1294265,1290616,0,3172.388193,644.0,final massH+massF,True
L4,p2w5.out,P2W5,P2W,Fri 02 Oct 21:58:45,Fri 02 Oct 23:45:05,2476907,2476465,0,6170.235963,643.6,final massH+massF,True
L1,p2w6.out,P2W6,P2W,Thu 01 Oct 23:54:37,Fri 02 Oct 00:10:46,370440,370440,0,3064.193797,647.4,final massH+massF,True
L1,p2w6.out,P2W6,P2W,Fri 02 Oct 01:11:51,Fri 02 Oct 07:53:00,1355962,1355962,0,19567.258188,646.2,final massH+massF,True
L2,p2w6.out,P2W6,P2W,Fri 02 Oct 09:11:38,Fri 02 Oct 09:25:32,317245,317245,0,624.551237,647.2,final massH+massF,True
L2,p2w6.out,P2W6,P2W,Fri 02 Oct 09:25:34,Fri 02 Oct 09:42:47,221919,221660,0,441.000753,643.0,final massH+massF,True
L2,p2w6.out,P2W6,P2W,Fri 02 Oct 09:42:48,Fri 02 Oct 10:14:39,421921,408479,152,1002.994427,644.1,rep avg,False
L3,p2w6.out,P2W6,P2W,Fri 02 Oct 11:54:03,Fri 02 Oct 13:07:19,1278168,1260052,0,3131.421385,644.0,final massH+massF,True
L4,p2w6.out,P2W6,P2W,Fri 02 Oct 21:59:08,Fri 02 Oct 22:06:39,188205,187949,0,472.398615,650.0,final massH+massF,True
L4,p2w6.out,P2W6,P2W,Fri 02 Oct 22:41:41,Fri 02 Oct 23:30:59,1183776,1183017,0,2937.441595,643.0,final massH+massF,True
L1,p2w7.out,P2W7,P2W,Fri 02 Oct 01:19:17,Fri 02 Oct 06:45:59,1124266,1117061,0,11559.047742,646.2,final massH+massF,True
L1,p2w7.out,P2W7,P2W,Fri 02 Oct 06:49:36,Fri 02 Oct 06:49:47,0,0,0,0,,final massH+massF,True
L3,p2w7.out,P2W7,P2W,Fri 02 Oct 12:02:09,Fri 02 Oct 12:13:59,179351,178824,0,450.271222,650.4,final massH+massF,True
L1,p2w8.out,P2W8,P2W,Fri 02 Oct 01:26:23,Fri 02 Oct 01:33:33,50408,45724,0,608.418066,669.2,final massH+massF,True
L1,p2w8.out,P2W8,P2W,Fri 02 Oct 02:08:32,Fri 02 Oct 02:15:42,10348,7011,0,26.167354,643.0,final massH+massF,True
L1,p2w8.out,P2W8,P2W,Fri 02 Oct 02:50:41,Fri 02 Oct 02:57:51,15924,15067,0,40.076958,643.3,final massH+massF,True
L1,p2w8.out,P2W8,P2W,Fri 02 Oct 03:32:50,Fri 02 Oct 03:40:00,16849,16228,0,42.035559,643.0,final massH+massF,True
L1,p2w8.out,P2W8,P2W,Fri 02 Oct 04:14:59,Fri 02 Oct 04:22:10,17084,16648,0,42.432824,643.0,final massH+massF,True
L1,p2w8.out,P2W8,P2W,Fri 02 Oct 04:57:09,Fri 02 Oct 05:04:19,17210,17031,0,42.723087,643.0,final massH+massF,True
L1,p2w8.out,P2W8,P2W,Fri 02 Oct 05:39:18,Fri 02 Oct 05:46:29,17011,16763,0,42.26032,643.0,final massH+massF,True
L1,p2w8.out,P2W8,P2W,Fri 02 Oct 06:21:28,Fri 02 Oct 06:28:38,16657,16174,0,41.774926,643.0,final massH+massF,True
L3,p2w8.out,P2W8,P2W,Fri 02 Oct 12:09:06,Fri 02 Oct 12:20:51,146942,146006,0,371.470412,652.0,final massH+massF,True
